structureId,chainId,macromoleculeType,classification,sequence,kabschSander
"4CAY","A","Protein","TRANSCRIPTION","MSRSQRAGLQFPVGRIHRHLKSRTTSHGRVGATAAVYSAAILEYLTAEVLELAGNASKDLKVKRITPRHLQLAIRGDEELDSLIKATIAGGGVIPHIHKSLIGKKGQQKTV","  HHHHTT SS HHHHHHHHHH       B HHHHHHHHHHHHHHHHHHHHHHHHHHHHTT SEE HHHHHHHHHT HHHHHHHHHHHHT                     "
"4CAY","B","Protein","TRANSCRIPTION","MKRSRKESYSIYVYKVLKQVHPDTGISSKAMGIMNSFVNDIFERIAGEASRLAHYNKRSTITSREIQTAVRLLLPGELAKHAVSEGTKAVTKYTSAK","         HHHHHHHHHHH TT EEBHHHHHHHHHHHHHHHHHHHHHHHHHHHTSTT  B HHHHHHHHHHHS HHHHHHHHHHHHHHHHHHHH  "
"4CAY","C","Protein","TRANSCRIPTION","GSHMEVGLSYLMKEEIQDEEDDDDYVEEGE","       GGGGGSSS    TT  B      "
"5FUG","A","Protein","DNA BINDING PROTEIN","SRSQRAGLQFPVGRIHRHLKSRTTSHGRVGATAAVYSAAILEYLTAEVLELAGNASKDLKVKRITPRHLQLAIRGDEELDSLIKATIAGGGVIPHIHKSLIGKKGQQKTV"," HHHHTT SS HHHHHHHHHHHS TT EE HHHHHHHHHHHHHHHHHHHHHHTT STTS  SEE HHHHHHHHHT HHHHHHHHHHHH                      "
"5FUG","B","Protein","DNA BINDING PROTEIN","KRSRKESYSIYVYKVLKQVHPDTGISSKAMGIMNSFVNDIFERIAGEASRLAHYNKRSTITSREIQTAVRLLLPGELAKHAVSEGTKAVTKYTSAK","        HHHHHHHHHHHSTT EEBHHHHHHHHHHHHHHHHHHHHHHHHHHHHTT SEE HHHHHHHHHHHS HHHHHHHHHHHHHHHHHHS   "
"5FUG","C","Protein","DNA BINDING PROTEIN","GSHMGRAPRKTAGNRLSGLLEAEEEDEFYQTTYGGFTEESGDDEYQGDQSDTEDEVDSDFDIDEGDEP","         TTTTTTHHHHHHT    THHHHGGG S   TT  B        EEEE TTSS       "
"5FUG","D","Protein","DNA BINDING PROTEIN","SRSQRAGLQFPVGRIHRHLKSRTTSHGRVGATAAVYSAAILEYLTAEVLELAGNASKDLKVKRITPRHLQLAIRGDEELDSLIKATIAGGGVIPHIHKSLIGKKGQQKTV"," HHHHTT SS HHHHHHHHHH       B HHHHHHHHHHHHHHHHHHHHHHHT SSSS  SEE HHHHHHHHHT HHHHHHHHHHHH                      "
"5FUG","E","Protein","DNA BINDING PROTEIN","KRSRKESYSIYVYKVLKQVHPDTGISSKAMGIMNSFVNDIFERIAGEASRLAHYNKRSTITSREIQTAVRLLLPGELAKHAVSEGTKAVTKYTSAK","        HHHHHHHHHHH TT EEBHHHHHHHHHHHHHHHHHHHHHHHHHHHHTT SSB HHHHHHHHHHHS THHHHHHHHHHHHHHHHHH   "
"5FUG","F","Protein","DNA BINDING PROTEIN","GSHMGRAPRKTAGNRLSGLLEAEEEDEFYQTTYGGFTEESGDDEYQGDQSDTEDEVDSDFDIDEGDEP","         TTTTTTHHHHHHHTS  HHHHSSTT S   TT  B     SS SEEEETTTT       "
"5FUG","G","Protein","DNA BINDING PROTEIN","SRSQRAGLQFPVGRIHRHLKSRTTSHGRVGATAAVYSAAILEYLTAEVLELAGNASKDLKVKRITPRHLQLAIRGDEELDSLIKATIAGGGVIPHIHKSLIGKKGQQKTV"," HHHHTT SS HHHHHHHHHH      EE HHHHHHHHHHHHHHHHHHHHHHTT SSSS  SEE HHHHHHHHHTSHHHHHHHHH                         "
"5FUG","H","Protein","DNA BINDING PROTEIN","KRSRKESYSIYVYKVLKQVHPDTGISSKAMGIMNSFVNDIFERIAGEASRLAHYNKRSTITSREIQTAVRLLLPGELAKHAVSEGTKAVTKYTSAK","        HHHHHHHHHHH TT EEBHHHHHHHHHHHHHHHHHHHHHHHHHHHHTT SEE HHHHHHHHHHHS HHHHHHHHHHHHHHHHHHH   "
"5FUG","I","Protein","DNA BINDING PROTEIN","GSHMGRAPRKTAGNRLSGLLEAEEEDEFYQTTYGGFTEESGDDEYQGDQSDTEDEVDSDFDIDEGDEP","         TTTTTTHHHHHHHHS  SHHHHGGG S   TT  B        SEEE TTTT       "
"5FUG","J","Protein","DNA BINDING PROTEIN","SRSQRAGLQFPVGRIHRHLKSRTTSHGRVGATAAVYSAAILEYLTAEVLELAGNASKDLKVKRITPRHLQLAIRGDEELDSLIKATIAGGGVIPHIHKSLIGKKGQQKTV"," HHHHHT SS HHHHHHHHHTTS TT EE HHHHHHHHHHHHHHHHHHHHHHTT STTS  SEE HHHHHHHHHTSHHHHHHHH                          "
"5FUG","K","Protein","DNA BINDING PROTEIN","KRSRKESYSIYVYKVLKQVHPDTGISSKAMGIMNSFVNDIFERIAGEASRLAHYNKRSTITSREIQTAVRLLLPGELAKHAVSEGTKAVTKYTSAK","        HHHHHHHHHHH TT EEBHHHHHHHHHHHHHHHHHHHHHHHHHHHHSS  EE HHHHHHHHHHHS HHHHHHHHHHHHHHHHHH    "
"5FUG","L","Protein","DNA BINDING PROTEIN","GSHMGRAPRKTAGNRLSGLLEAEEEDEFYQTTYGGFTEESGDDEYQGDQSDTEDEVDSDFDIDEGDEP","         TTTTTTHHHHHHHTS  HHHHHGGG S   SS  B    SS  S EEETTTT       "
"3WAA","A","Protein#DNA","STRUCTURAL PROTEIN/DNA","GSHMARTKQTARKSTGGKAPRKQLATKAARKSAPATGGVKKPHRYRPGTVALREIRRYQKSTELLIRKLPFQRLVREIAQDFKTDLRFQSSAVMALQEACEAYLVGLFEDTNLCAIHAKRVTIMPKDIQLARRIRGERA","                                              TTHHHHHHHHHHHH  S  S HHHHHHHHHHHHTTTSSS EE HHHHHHHHHHHHHHHHHHHHHHHHHHHHTT SEE HHHHHHHHHHTT   "
"3WAA","B","Protein#DNA","STRUCTURAL PROTEIN/DNA","GSHMSGRGKGGKGLGKGGAKRHRKVLRDNIQGITKPAIRRLARRGGVKRISGLIYEETRGVLKVFLENVIRDAVTYTEHAKRKTVTAMDVVYALKRQGRTLYGFGG","                             GGGS HHHHHHHHHHTT  EE TTHHHHHHHHHHHHHHHHHHHHHHHHHHTT SEE HHHHHHHHHHTT  EESS  "
"3WAA","C","Protein#DNA","STRUCTURAL PROTEIN/DNA","GSHMAGGKAGKDSGKAKAKAVSRSQRAGLQFPVGRIHRHLKTRTTSHGRVGATAAVYSAAILEYLTAEVLELAGNASKDLKVKRITPRHLQLAIRGDEELDSLIKATIAGGGVIPHIHKSLIGKKGQQKTA","                      HHHHHT SS HHHHHHHHHTTS SS EE HHHHHHHHHHHHHHHHHHHHHHHHHHHTTT SEE HHHHHHHHHHSHHHHHH  SEETT        GGGS         "
"3WAA","D","Protein#DNA","STRUCTURAL PROTEIN/DNA","GSHMPEPAKSAPAPKKGSKKAVTKAQKKDGKKRKRSRKESYSIYVYKVLKQVHPDTGISSKAMGIMNSFVNDIFERIAGEASRLAHYNKRSTITSREIQTAVRLLLPGELAKHAVSEGTKAVTKYTSAK","                                        SHHHHHHHHHHH TT EE HHHHHHHHHHHHHHHHHHHHHHHHHHHTTT SEE HHHHHHHHHHHS HHHHHHHHHHHHHHHHHHHH  "
"3WAA","E","Protein#DNA","STRUCTURAL PROTEIN/DNA","GSHMARTKQTARKSTGGKAPRKQLATKAARKSAPATGGVKKPHRYRPGTVALREIRRYQKSTELLIRKLPFQRLVREIAQDFKTDLRFQSSAVMALQEACEAYLVGLFEDTNLCAIHAKRVTIMPKDIQLARRIRGERA","                                              TTHHHHHHHHHHHH  S SS HHHHHHHHHHHHHTTSSS EE HHHHHHHHHHHHHHHHHHHHHHHHHHHHTT SEE HHHHHHHHHHTTS  "
"3WAA","F","Protein#DNA","STRUCTURAL PROTEIN/DNA","GSHMSGRGKGGKGLGKGGAKRHRKVLRDNIQGITKPAIRRLARRGGVKRISGLIYEETRGVLKVFLENVIRDAVTYTEHAKRKTVTAMDVVYALKRQGRTLYGFGG","                            GGGGS HHHHHHHHHHTT  EE TTHHHHHHHHHHHHHHHHHHHHHHHHHHTT SEE HHHHHHHHHHTT  EES   "
"3WAA","G","Protein#DNA","STRUCTURAL PROTEIN/DNA","GSHMAGGKAGKDSGKAKAKAVSRSQRAGLQFPVGRIHRHLKTRTTSHGRVGATAAVYSAAILEYLTAEVLELAGNASKDLKVKRITPRHLQLAIRGDEELDSLIKATIAGGGVIPHIHKSLIGKKGQQKTA","                      HHHHHT SS HHHHHHHHHTTS SS EE TTHHHHHHHHHHHHHHHHHHHHHHHHHTTT SEE HHHHHHHHHTSHHHHHH  SEETT        GGGS         "
"3WAA","H","Protein#DNA","STRUCTURAL PROTEIN/DNA","GSHMPEPAKSAPAPKKGSKKAVTKAQKKDGKKRKRSRKESYSIYVYKVLKQVHPDTGISSKAMGIMNSFVNDIFERIAGEASRLAHYNKRSTITSREIQTAVRLLLPGELAKHAVSEGTKAVTKYTSAK","                                        SHHHHHHHHHHH TT EE HHHHHHHHHHHHHHHHHHHHHHHHHHHHTT SEE HHHHHHHHHHHS SHHHHHHHHHHHHHHHHHHH  "
"3WAA","I","Protein#DNA","STRUCTURAL PROTEIN/DNA","ATCAATATCCACCTGCAGATTCTACCAAAAGTGTATTTGGAAACTGCTCCATCAAAAGGCATGTTCAGCTGAATTCAGCTGAACATGCCTTTTGATGGAGCAGTTTCCAAATACACTTTTGGTAGAATCTGCAGGTGGATATTGAT","                                                                                                                                                  "
"3WAA","J","Protein#DNA","STRUCTURAL PROTEIN/DNA","ATCAATATCCACCTGCAGATTCTACCAAAAGTGTATTTGGAAACTGCTCCATCAAAAGGCATGTTCAGCTGAATTCAGCTGAACATGCCTTTTGATGGAGCAGTTTCCAAATACACTTTTGGTAGAATCTGCAGGTGGATATTGAT","                                                                                                                                                  "
"1F66","A","Protein#DNA","STRUCTURAL PROTEIN/DNA","MARTKQTARKSTGGKAPRKQLATKAARKSAPATGEVKKPHRYRPGTVALREIRRYQKSTELLIRKLPFQRLVREIAQDFKTDLRFQSSAVMALQEASEAYLVALFEDTNLCAIHAKRVTIMPKDIQLARRIRGERA","                                           TTHHHHHHHHHHHH  S  S HHHHHHHHHHHHHTT SS EE HHHHHHHHHHHHHHHHHHHHHHHHHHHHTT SEE HHHHHHHHHHHT   "
"1F66","B","Protein#DNA","STRUCTURAL PROTEIN/DNA","MSGRGKGGKGLGKGGAKRHRKVLRDNIQGITKPAIRRLARRGGVKRISGLIYEETRGVLKVFLENVIRDAVTYTEHAKRKTVTAMDVVYALKRQGRTLYGFGG","                         GGGGS HHHHHHHHHHTT  EE TTHHHHHHHHHHHHHHHHHHHHHHHHHHTT SEE HHHHHHHHHHTT  EESS  "
"1F66","C","Protein#DNA","STRUCTURAL PROTEIN/DNA","MAGGKAGKDSGKAKTKAVSRSQRAGLQFPVGRIHRHLKSRTTSHGRVGATAAVYSAAILEYLTAEVLELAGNASKDLKVKRITPRHLQLAIRGDEELDSLIKATIAGGGVIPHIHKSLIGKKGQQKTV","                   HHHHHT SS HHHHHHHHHHTS SS EE TTHHHHHHHHHHHHHHHHHHHHHHHHHTTT SEE HHHHHHHHHHSHHHHHH  SEETT        GGG          "
"1F66","D","Protein#DNA","STRUCTURAL PROTEIN/DNA","MPEPAKSAPAPKKGSKKAVTKTQKKDGKKRRKTRKESYAIYVYKVLKQVHPDTGISSKAMSIMNSFVNDVFERIAGEASRLAHYNKRSTITSREIQTAVRLLLPGELAKHAVSEGTKAVTKYTSAK","                                     SHHHHHHHHHHH TT EE HHHHHHHHHHHHHHHHHHHHHHHHHHHHTT  EE HHHHHHHHHHHS HHHHHHHHHHHHHHHHHHHHT "
"1F66","E","Protein#DNA","STRUCTURAL PROTEIN/DNA","MARTKQTARKSTGGKAPRKQLATKAARKSAPATGEVKKPHRYRPGTVALREIRRYQKSTELLIRKLPFQRLVREIAQDFKTDLRFQSSAVMALQEASEAYLVALFEDTNLCAIHAKRVTIMPKDIQLARRIRGERA","                                   S S     TTHHHHHHHHHHHT  S  S HHHHHHHHHHHHHTTSSS EE HHHHHHHHHHHHHHHHHHHHHHHHHHHHTT SEE HHHHHHHHHHHT   "
"1F66","F","Protein#DNA","STRUCTURAL PROTEIN/DNA","MSGRGKGGKGLGKGGAKRHRKVLRDNIQGITKPAIRRLARRGGVKRISGLIYEETRGVLKVFLENVIRDAVTYTEHAKRKTVTAMDVVYALKRQGRTLYGFGG","                         GGGGS HHHHHHHHHHTT  EE TTHHHHHHHHHHHHHHHHHHHHHHHHHHTT SEE HHHHHHHHHHTT  EESS  "
"1F66","G","Protein#DNA","STRUCTURAL PROTEIN/DNA","MAGGKAGKDSGKAKTKAVSRSQRAGLQFPVGRIHRHLKSRTTSHGRVGATAAVYSAAILEYLTAEVLELAGNASKDLKVKRITPRHLQLAIRGDEELDSLIKATIAGGGVIPHIHKSLIGKKGQQKTV","                   HHHHHT SS HHHHHHHHHTSS SS EE TTHHHHHHHHHHHHHHHHHHHHHHHHHTTT SEE HHHHHHHHHHSHHHHHH  SEETT        TTTS         "
"1F66","H","Protein#DNA","STRUCTURAL PROTEIN/DNA","MPEPAKSAPAPKKGSKKAVTKTQKKDGKKRRKTRKESYAIYVYKVLKQVHPDTGISSKAMSIMNSFVNDVFERIAGEASRLAHYNKRSTITSREIQTAVRLLLPGELAKHAVSEGTKAVTKYTSAK","                                     SHHHHHHHHHHH TT EE HHHHHHHHHHHHHHHHHHHHHHHHHHHHTT  EE HHHHHHHHHHHS HHHHHHHHHHHHHHHHHHHS  "
"1F66","I","Protein#DNA","STRUCTURAL PROTEIN/DNA","ATCAATATCCACCTGCAGATTCTACCAAAAGTGTATTTGGAAACTGCTCCATCAAAAGGCATGTTCAGCGGAATTCCGCTGAACATGCCTTTTGATGGAGCAGTTTCCAAATACACTTTTGGTAGAATCTGCAGGTGGATATTGAT","                                                                                                                                                  "
"1F66","J","Protein#DNA","STRUCTURAL PROTEIN/DNA","ATCAATATCCACCTGCAGATTCTACCAAAAGTGTATTTGGAAACTGCTCCATCAAAAGGCATGTTCAGCGGAATTCCGCTGAACATGCCTTTTGATGGAGCAGTTTCCAAATACACTTTTGGTAGAATCTGCAGGTGGATATTGAT","                                                                                                                                                  "
"5B33","A","Protein#DNA","DNA BINDING PROTEIN","GSHMARTKQTARKSTGGKAPRKQLATKAARKSAPSTGGVKKPHRYRPGTVALREIRRYQKSTELLIRKLPFQRLVREIAQDFKTDLRFQSAAIGALQEASEAYLVGLFEDTNLCAIHAKRVTIMPKDIQLARRIRGERA","                                              TTHHHHHHHHHHTT  S  S HHHHHHHHHHHHHTTSSS EE HHHHHHHHHHHHHHHHHHHHHHHHHHHHTT SEE HHHHHHHHHHHT   "
"5B33","B","Protein#DNA","DNA BINDING PROTEIN","GSHMSGRGKGGKGLGKGGAKRHRKVLRDNIQGITKPAIRRLARRGGVKRISGLIYEETRGVLKVFLENVIRDAVTYTEHAKRKTVTAMDVVYALKRQGRTLYGFGG","                             GGGS HHHHHHHHHHTT  EE TTHHHHHHHHHHHHHHHHHHHHHHHHHHTT SEE HHHHHHHHHHTT  EESS  "
"5B33","C","Protein#DNA","DNA BINDING PROTEIN","GSHMAGGKAGKDSGKAKTKAVSRSQRAGLQFPVGRIHRHLKSRTTSHGRVGATAAVYSAAILEYLTAEVLELAGNASKDLKVKRITPRHLQLAIRGDEELDSLIKATIAGGGVIPHIHKSLIGKKGQQKTV","                      HHHHHT SS HHHHHHHHHHHS SS EE HHHHHHHHHHHHHHHHHHHHHHHHHHHTTT SEE HHHHHHHHHHSHHHHHH  SEETT        GGGS         "
"5B33","D","Protein#DNA","DNA BINDING PROTEIN","GSHMPEPAKSAPAPKKGSKKAVTKAQKKDGKKRKRSRKESYSIYVYKVLKQVHPDTGISSKAMGIMNSFVNDIFERIAGEASRLAHYNKRSTITSREIQTAVRLLLPGELAKHAVSEGTKAVTKYTSAK","                                        SHHHHHHHHHHH TT EE HHHHHHHHHHHHHHHHHHHHHHHHHHHTTT  EE HHHHHHHHHHHS HHHHHHHHHHHHHHHHHHTT  "
"5B33","E","Protein#DNA","DNA BINDING PROTEIN","GSHMARTKQTARKSTGGKAPRKQLATKAARKSAPSTGGVKKPHRYRPGTVALREIRRYQKSTELLIRKLPFQRLVREIAQDFKTDLRFQSAAIGALQEASEAYLVGLFEDTNLCAIHAKRVTIMPKDIQLARRIRGERA","                                              TTHHHHHHHHHHHH  S  S HHHHHHHHHHHHHTTSSS EE HHHHHHHHHHHHHHHHHHHHHHHHHHHHTT SEE HHHHHHHHHHTT   "
"5B33","F","Protein#DNA","DNA BINDING PROTEIN","GSHMSGRGKGGKGLGKGGAKRHRKVLRDNIQGITKPAIRRLARRGGVKRISGLIYEETRGVLKVFLENVIRDAVTYTEHAKRKTVTAMDVVYALKRQGRTLYGFGG","                            GGGGS HHHHHHHHHHTT  EE TTHHHHHHHHHHHHHHHHHHHHHHHHHHTT SEE HHHHHHHHHHTT  EES   "
"5B33","G","Protein#DNA","DNA BINDING PROTEIN","GSHMAGGKAGKDSGKAKTKAVSRSQRAGLQFPVGRIHRHLKSRTTSHGRVGATAAVYSAAILEYLTAEVLELAGNASKDLKVKRITPRHLQLAIRGDEELDSLIKATIAGGGVIPHIHKSLIGKKGQQKTV","                      HHHHHT SS HHHHHHHHHTTS SS EE TTHHHHHHHHHHHHHHHHHHHHHHHHHTTT SEE HHHHHHHHHTSHHHHHH  SEETT        GGGS         "
"5B33","H","Protein#DNA","DNA BINDING PROTEIN","GSHMPEPAKSAPAPKKGSKKAVTKAQKKDGKKRKRSRKESYSIYVYKVLKQVHPDTGISSKAMGIMNSFVNDIFERIAGEASRLAHYNKRSTITSREIQTAVRLLLPGELAKHAVSEGTKAVTKYTSAK","                                        SHHHHHHHHHHH TT EE HHHHHHHHHHHHHHHHHHHHHHHHHHHHTT  EE HHHHHHHHHHHS TTHHHHHHHHHHHHHHHHH   "
"5B33","I","Protein#DNA","DNA BINDING PROTEIN","ATCAATATCCACCTGCAGATTCTACCAAAAGTGTATTTGGAAACTGCTCCATCAAAAGGCATGTTCAGCTGAATTCAGCTGAACATGCCTTTTGATGGAGCAGTTTCCAAATACACTTTTGGTAGAATCTGCAGGTGGATATTGAT","                                                                                                                                                  "
"5B33","J","Protein#DNA","DNA BINDING PROTEIN","ATCAATATCCACCTGCAGATTCTACCAAAAGTGTATTTGGAAACTGCTCCATCAAAAGGCATGTTCAGCTGAATTCAGCTGAACATGCCTTTTGATGGAGCAGTTTCCAAATACACTTTTGGTAGAATCTGCAGGTGGATATTGAT","                                                                                                                                                  "
"5B32","A","Protein#DNA","DNA BINDING PROTEIN","GSHMARTKQTARKSTGGKAPRKQLATKAARKSAPSTGGVKKPHRYRPGTVALREIRRYQKSTELLIRKLPFQRLVREIAQDFKTDLRFQSAAIGALQEASEAYLVGLFEDTNLCAIHAKRVTIMPKDIQLARRIRGERA","                                              TTHHHHHHHHHHHH  S  S HHHHHHHHHHHHHTTSSS EE HHHHHHHHHHHHHHHHHHHHHHHHHHHHTT SEE HHHHHHHHHHHT   "
"5B32","B","Protein#DNA","DNA BINDING PROTEIN","GSHMSGRGKGGKGLGKGGAKRHRKVLRDNIQGITKPAIRRLARRGGVKRISGLIYEETRGVLKVFLENVIRDAVTYTEHAKRKTVTAMDVVYALKRQGRTLYGFGG","                             GGGS HHHHHHHHHHTT  EE TTHHHHHHHHHHHHHHHHHHHHHHHHHHTT SEE HHHHHHHHHHTT  EESS  "
"5B32","C","Protein#DNA","DNA BINDING PROTEIN","GSHMSGRGKQGGKARAKAKTRSSRAGLQFPVGRVHRLLRKGNYSERVGAGAPVYLAAVLEYLTAEILELAGNAARDNKKTRIIPRHLQLAIRNDEELNKLLGRVTIAQGGVLPNIQAVLLPKKTESHHKAKGK","                    HHHHHT SS HHHHHHHHHTTTS SEE SSHHHHHHHHHHHHHHHHHHHHHHHHHHTT SEE HHHHHHHHHTSHHHHHHTTTEEETT        GGGS             "
"5B32","D","Protein#DNA","DNA BINDING PROTEIN","GSHMPEPAKSAPAPKKGSKKAVTKAQKKDGKKRKRSRKESYSIYVYKVLKQVHPDTGISSKAMGIMNSFVNDIFERIAGEASRLAHYNKRSTITSREIQTAVRLLLPGELAKHAVSEGTKAVTKYTSAK","                                        SHHHHHHHHHHH TT EE HHHHHHHHHHHHHHHHHHHHHHHHHHHHTT SEE HHHHHHHHHHHS SHHHHHHHHHHHHHHHHHHT  "
"5B32","E","Protein#DNA","DNA BINDING PROTEIN","GSHMARTKQTARKSTGGKAPRKQLATKAARKSAPSTGGVKKPHRYRPGTVALREIRRYQKSTELLIRKLPFQRLVREIAQDFKTDLRFQSAAIGALQEASEAYLVGLFEDTNLCAIHAKRVTIMPKDIQLARRIRGERA","                                              TTHHHHHHHHHHHH  S SS HHHHHHHHHHHHTTTSSS EE HHHHHHHHHHHHHHHHHHHHHHHHHHHHTT SEE HHHHHHHHHHHTS  "
"5B32","F","Protein#DNA","DNA BINDING PROTEIN","GSHMSGRGKGGKGLGKGGAKRHRKVLRDNIQGITKPAIRRLARRGGVKRISGLIYEETRGVLKVFLENVIRDAVTYTEHAKRKTVTAMDVVYALKRQGRTLYGFGG","                           SGGGGS HHHHHHHHHHTT  EE TTHHHHHHHHHHHHHHHHHHHHHHHHHHTT SEE HHHHHHHHHHTT EEES   "
"5B32","G","Protein#DNA","DNA BINDING PROTEIN","GSHMAGGKAGKDSGKAKTKAVSRSQRAGLQFPVGRIHRHLKSRTTSHGRVGATAAVYSAAILEYLTAEVLELAGNASKDLKVKRITPRHLQLAIRGDEELDSLIKATIAGGGVIPHIHKSLIGKKGQQKTV","                      HHHHTT SS HHHHHHHHHHHS TTSEE TTHHHHHHHHHHHHHHHHHHHHHHHHHHTT SEE HHHHHHHHHTSHHHHHH  SEETT        TTT          "
"5B32","H","Protein#DNA","DNA BINDING PROTEIN","GSHMPEPAKSAPAPKKGSKKAVTKAQKKDGKKRKRSRKESYSIYVYKVLKQVHPDTGISSKAMGIMNSFVNDIFERIAGEASRLAHYNKRSTITSREIQTAVRLLLPGELAKHAVSEGTKAVTKYTSAK","                                        SHHHHHHHHHHH TT EE HHHHHHHHHHHHHHHHHHHHHHHHHHHHTT SEE HHHHHHHHHHHS SHHHHHHHHHHHHHHHHHHH  "
"5B32","I","Protein#DNA","DNA BINDING PROTEIN","ATCAATATCCACCTGCAGATTCTACCAAAAGTGTATTTGGAAACTGCTCCATCAAAAGGCATGTTCAGCTGAATTCAGCTGAACATGCCTTTTGATGGAGCAGTTTCCAAATACACTTTTGGTAGAATCTGCAGGTGGATATTGAT","                                                                                                                                                  "
"5B32","J","Protein#DNA","DNA BINDING PROTEIN","ATCAATATCCACCTGCAGATTCTACCAAAAGTGTATTTGGAAACTGCTCCATCAAAAGGCATGTTCAGCTGAATTCAGCTGAACATGCCTTTTGATGGAGCAGTTTCCAAATACACTTTTGGTAGAATCTGCAGGTGGATATTGAT","                                                                                                                                                  "
"5B31","A","Protein#DNA","DNA BINDING PROTEIN","GSHMARTKQTARKSTGGKAPRKQLATKAARKSAPATGGVKKPHRYRPGTVALREIRRYQKSTELLIRKLPFQRLVREIAQDFKTDLRFQSSAVMALQEACEAYLVGLFEDTNLCAIHAKRVTIMPKDIQLARRIRGERA","                                              TTHHHHHHHHHHHH  S  S HHHHHHHHHHHHHTTSSS EE HHHHHHHHHHHHHHHHHHHHHHHHHHHHTT SEE HHHHHHHHHHTT   "
"5B31","B","Protein#DNA","DNA BINDING PROTEIN","GSHMSGRGKGGKGLGKGGAKRHRKVLRDNIQGITKPAIRRLARRGGVKRISGLIYEETRGVLKVFLENVIRDAVTYTEHAKRKTVTAMDVVYALKRQGRTLYGFGG","                             GGGS HHHHHHHHHHTT  EE TTHHHHHHHHHHHHHHHHHHHHHHHHHHTT SEE HHHHHHHHHHTT  EESS  "
"5B31","C","Protein#DNA","DNA BINDING PROTEIN","GSHMSGRGKQGGKARAKAKTRSSRAGLQFPVGRVHRLLRKGNYSERVGAGAPVYLAAVLEYLTAEILELAGNAARDNKKTRIIPRHLQLAIRNDEELNKLLGRVTIAQGGVLPNIQAVLLPKKTESHHKAKGK","                    HHHHHT SS HHHHHHHHHHTT SSEE SHHHHHHHHHHHHHHHHHHHHHHHHHHHTT SEE HHHHHHHHHHSHHHHHHTTT EETT        GGGS             "
"5B31","D","Protein#DNA","DNA BINDING PROTEIN","GSHMPEPAKSAPAPKKGSKKAVTKAQKKDGKKRKRSRKESYSIYVYKVLKQVHPDTGISSKAMGIMNSFVNDIFERIAGEASRLAHYNKRSTITSREIQTAVRLLLPGELAKHAVSEGTKAVTKYTSAK","                                        SHHHHHHHHHHH TT EE HHHHHHHHHHHHHHHHHHHHHHHHHHHHTT SEE HHHHHHHHHHHS SHHHHHHHHHHHHHHHHHHT  "
"5B31","E","Protein#DNA","DNA BINDING PROTEIN","GSHMARTKQTARKSTGGKAPRKQLATKAARKSAPATGGVKKPHRYRPGTVALREIRRYQKSTELLIRKLPFQRLVREIAQDFKTDLRFQSSAVMALQEACEAYLVGLFEDTNLCAIHAKRVTIMPKDIQLARRIRGERA","                                              TTHHHHHHHHHHHH  S  S HHHHHHHHHHHHHHHSTT EE HHHHHHHHHHHHHHHHHHHHHHHHHHHHTT SEE HHHHHHHHHHTT   "
"5B31","F","Protein#DNA","DNA BINDING PROTEIN","GSHMSGRGKGGKGLGKGGAKRHRKVLRDNIQGITKPAIRRLARRGGVKRISGLIYEETRGVLKVFLENVIRDAVTYTEHAKRKTVTAMDVVYALKRQGRTLYGFGG","                            GGGGS HHHHHHHHHHTT  EE TTHHHHHHHHHHHHHHHHHHHHHHHHHHTT SEE HHHHHHHHHHTT  EES   "
"5B31","G","Protein#DNA","DNA BINDING PROTEIN","GSHMAGGKAGKDSGKAKTKAVSRSQRAGLQFPVGRIHRHLKSRTTSHGRVGATAAVYSAAILEYLTAEVLELAGNASKDLKVKRITPRHLQLAIRGDEELDSLIKATIAGGGVIPHIHKSLIGKKGQQKTV","                      HHHHHT SS HHHHHHHHHHHS TTSEE TTHHHHHHHHHHHHHHHHHHHHHHHHHTTT SEE HHHHHHHHHTSHHHHHH  SEETT        GGG          "
"5B31","H","Protein#DNA","DNA BINDING PROTEIN","GSHMPEPAKSAPAPKKGSKKAVTKAQKKDGKKRKRSRKESYSIYVYKVLKQVHPDTGISSKAMGIMNSFVNDIFERIAGEASRLAHYNKRSTITSREIQTAVRLLLPGELAKHAVSEGTKAVTKYTSAK","                                        SHHHHHHHHHHH TT EE HHHHHHHHHHHHHHHHHHHHHHHHHHHHTT  EE HHHHHHHHHHHS SHHHHHHHHHHHHHHHHHHH  "
"5B31","I","Protein#DNA","DNA BINDING PROTEIN","ATCAATATCCACCTGCAGATTCTACCAAAAGTGTATTTGGAAACTGCTCCATCAAAAGGCATGTTCAGCTGAATTCAGCTGAACATGCCTTTTGATGGAGCAGTTTCCAAATACACTTTTGGTAGAATCTGCAGGTGGATATTGAT","                                                                                                                                                  "
"5B31","J","Protein#DNA","DNA BINDING PROTEIN","ATCAATATCCACCTGCAGATTCTACCAAAAGTGTATTTGGAAACTGCTCCATCAAAAGGCATGTTCAGCTGAATTCAGCTGAACATGCCTTTTGATGGAGCAGTTTCCAAATACACTTTTGGTAGAATCTGCAGGTGGATATTGAT","                                                                                                                                                  "
"3WA9","A","Protein#DNA","STRUCTURAL PROTEIN/DNA","GSHMARTKQTARKSTGGKAPRKQLATKAARKSAPATGGVKKPHRYRPGTVALREIRRYQKSTELLIRKLPFQRLVREIAQDFKTDLRFQSSAVMALQEACEAYLVGLFEDTNLCAIHAKRVTIMPKDIQLARRIRGERA","                                              TTHHHHHHHHHHHH  S SS HHHHHHHHHHHHHTTSSS EE HHHHHHHHHHHHHHHHHHHHHHHHHHHHTT SEE HHHHHHHHHHHT   "
"3WA9","B","Protein#DNA","STRUCTURAL PROTEIN/DNA","GSHMSGRGKGGKGLGKGGAKRHRKVLRDNIQGITKPAIRRLARRGGVKRISGLIYEETRGVLKVFLENVIRDAVTYTEHAKRKTVTAMDVVYALKRQGRTLYGFGG","                             GGGS HHHHHHHHHHTT  EE TTHHHHHHHHHHHHHHHHHHHHHHHHHHTT SEE HHHHHHHHHHTT  EESS  "
"3WA9","C","Protein#DNA","STRUCTURAL PROTEIN/DNA","GSHMAGGKAGKDSGKAKTKAVSRSQRAGLQFPVGRIHRHLKSRTTSHGRVGATAAVYSAAILEYLTAEVLELAGNASKDLKVKRITPRHLQLAIRGDEELDSLIKATIAGGGVIPHIHKSLIGKKGQQKTV","                      HHHHHT SS HHHHHHHHHTT SSS EE TTHHHHHHHHHHHHHHHHHHHHHHHHHHTT SEE HHHHHHHHHHSHHHHHH  SEETT        GGGS         "
"3WA9","D","Protein#DNA","STRUCTURAL PROTEIN/DNA","GSHMPEPAKSAPAPKKGSKKAVTKAQKKDGKKRKRSRKESYSIYVYKVLKQVHPDTGISSKAMGIMNSFVNDIFERIAGEASRLAHYNKRSTITSREIQTAVRLLLPGELAKHAVSEGTKAVTKYTSAK","                                        SHHHHHHHHHHH TT EE HHHHHHHHHHHHHHHHHHHHHHHHHHHHTT  EE HHHHHHHHHTTS HHHHHHHHHHHHHHHHHHH   "
"3WA9","E","Protein#DNA","STRUCTURAL PROTEIN/DNA","GSHMARTKQTARKSTGGKAPRKQLATKAARKSAPATGGVKKPHRYRPGTVALREIRRYQKSTELLIRKLPFQRLVREIAQDFKTDLRFQSSAVMALQEACEAYLVGLFEDTNLCAIHAKRVTIMPKDIQLARRIRGERA","                                              TTHHHHHHHHHHHH  S SS HHHHHHHHHHHHHTTSSS EE HHHHHHHHHHHHHHHHHHHHHHHHHHHHTT SEE HHHHHHHHHHTT   "
"3WA9","F","Protein#DNA","STRUCTURAL PROTEIN/DNA","GSHMSGRGKGGKGLGKGGAKRHRKVLRDNIQGITKPAIRRLARRGGVKRISGLIYEETRGVLKVFLENVIRDAVTYTEHAKRKTVTAMDVVYALKRQGRTLYGFGG","                            GGGGS HHHHHHHHHHTT  EE TTHHHHHHHHHHHHHHHHHHHHHHHHHHTT SEE HHHHHHHHHHTT  EESS  "
"3WA9","G","Protein#DNA","STRUCTURAL PROTEIN/DNA","GSHMAGGKAGKDSGKAKTKAVSRSQRAGLQFPVGRIHRHLKSRTTSHGRVGATAAVYSAAILEYLTAEVLELAGNASKDLKVKRITPRHLQLAIRGDEELDSLIKATIAGGGVIPHIHKSLIGKKGQQKTV","                      HHHHHT SS HHHHHHHHTTSS SS EE TTHHHHHHHHHHHHHHHHHHHHHHHHHTTT SEE HHHHHHHHHTSHHHHHH  SEETT        GGGS         "
"3WA9","H","Protein#DNA","STRUCTURAL PROTEIN/DNA","GSHMPEPAKSAPAPKKGSKKAVTKAQKKDGKKRKRSRKESYSIYVYKVLKQVHPDTGISSKAMGIMNSFVNDIFERIAGEASRLAHYNKRSTITSREIQTAVRLLLPGELAKHAVSEGTKAVTKYTSAK","                                        SHHHHHHHHHHH TT EE HHHHHHHHHHHHHHHHHHHHHHHHHHHHTT  EE HHHHHHHHHHHS TTHHHHHHHHHHHHHHHHHH  "
"3WA9","I","Protein#DNA","STRUCTURAL PROTEIN/DNA","ATCAATATCCACCTGCAGATTCTACCAAAAGTGTATTTGGAAACTGCTCCATCAAAAGGCATGTTCAGCTGAATTCAGCTGAACATGCCTTTTGATGGAGCAGTTTCCAAATACACTTTTGGTAGAATCTGCAGGTGGATATTGAT","                                                                                                                                                  "
"3WA9","J","Protein#DNA","STRUCTURAL PROTEIN/DNA","ATCAATATCCACCTGCAGATTCTACCAAAAGTGTATTTGGAAACTGCTCCATCAAAAGGCATGTTCAGCTGAATTCAGCTGAACATGCCTTTTGATGGAGCAGTTTCCAAATACACTTTTGGTAGAATCTGCAGGTGGATATTGAT","                                                                                                                                                  "
"5Z30","A","Protein#DNA","DNA BINDING PROTEIN/DNA","GSHMARTKQTARKSTGGKAPRKQLATKAARKSAPATGGVKKPHRYRPGTVALREIRRYQKSTELLIRKLPFQRLVREIAQDFKTDLRFQSSAVMALQEACEAYLVGLFEDTNLCAIHAKRVTIMPKDIQLARRIRGERA","                                              TTHHHHHHHHHHHH  S  S HHHHHHHHHHHHHTTSTT EE HHHHHHHHHHHHHHHHHHHHHHHHHHHHTT SEE HHHHHHHHHHTT   "
"5Z30","B","Protein#DNA","DNA BINDING PROTEIN/DNA","GSHMSGRGKGGKGLGKGGAKRHRKVLRDNIQGITKPAIRRLARRGGVKRISGLIYEETRGVLKVFLENVIRDAVTYTEHAKRKTVTAMDVVYALKRQGRTLYGFGG","                             GGGS HHHHHHHHHHTT  EE TTHHHHHHHHHHHHHHHHHHHHHHHHHHTT SEE HHHHHHHHHHTT  EES   "
"5Z30","C","Protein#DNA","DNA BINDING PROTEIN/DNA","GSHMAGGKAGKDSGKAKTKAVSRSQRAGLQFPVGRIHRHLKSRTTSHGRVGATAAVYSAAILEYLTAEVLELAGNASKDLKVKCITPRHLQLAIRGDEELDSLIKATIAGGGVIPHIHKSLIGKKGQQKTV","                      HHHHHT SS HHHHHHHHHTSSSTT EE HHHHHHHHHHHHHHHHHHHHHHHHHHHHTT SEE HHHHHHHHHTSHHHHHH  SEETT        GGG          "
"5Z30","D","Protein#DNA","DNA BINDING PROTEIN/DNA","GSHMPEPAKSAPAPKKGSKKAVTKAQKKDGKKRKRSRKESYSIYVYKVLKQVHPDTGISSKAMGIMNSFVNDIFERIAGEASRLAHYNKRSTITSREIQTAVRLLLPGELAKHAVSEGTKAVTKYTSAK","                                        SHHHHHHHHHHH TT EE HHHHHHHHHHHHHHHHHHHHHHHHHHHHTT SEE HHHHHHHHHHHS HHHHHHHHHHHHHHHHHHHT  "
"5Z30","E","Protein#DNA","DNA BINDING PROTEIN/DNA","GSHMARTKQTARKSTGGKAPRKQLATKAARKSAPATGGVKKPHRYRPGTVALREIRRYQKSTELLIRKLPFQRLVREIAQDFKTDLRFQSSAVMALQEACEAYLVGLFEDTNLCAIHAKRVTIMPKDIQLARRIRGERA","                                              TTHHHHHHHHHHHH  S  S HHHHHHHHHHHHHTTSTT EE HHHHHHHHHHHHHHHHHHHHHHHHHHHHTT SEE HHHHHHHHHHHT   "
"5Z30","F","Protein#DNA","DNA BINDING PROTEIN/DNA","GSHMSGRGKGGKGLGKGGAKRHRKVLRDNIQGITKPAIRRLARRGGVKRISGLIYEETRGVLKVFLENVIRDAVTYTEHAKRKTVTAMDVVYALKRQGRTLYGFGG","                            GGGGS HHHHHHHHHHTT  EE TTHHHHHHHHHHHHHHHHHHHHHHHHHHTT SEE HHHHHHHHHHTT  EES   "
"5Z30","G","Protein#DNA","DNA BINDING PROTEIN/DNA","GSHMAGGKAGKDSGKAKTKAVSRSQRAGLQFPVGRIHRHLKSRTTSHGRVGATAAVYSAAILEYLTAEVLELAGNASKDLKVKCITPRHLQLAIRGDEELDSLIKATIAGGGVIPHIHKSLIGKKGQQKTV","                      HHHHHT SS HHHHHHHHHHTS TT EE TTHHHHHHHHHHHHHHHHHHHHHHHHHTTT SEE HHHHHHHHHTSHHHHHH  SEETT        GGG          "
"5Z30","H","Protein#DNA","DNA BINDING PROTEIN/DNA","GSHMPEPAKSAPAPKKGSKKAVTKAQKKDGKKRKRSRKESYSIYVYKVLKQVHPDTGISSKAMGIMNSFVNDIFERIAGEASRLAHYNKRSTITSREIQTAVRLLLPGELAKHAVSEGTKAVTKYTSAK","                                        SHHHHHHHHHHH TT EE HHHHHHHHHHHHHHHHHHHHHHHHHHHHTT  EE HHHHHHHHHHHS HHHHHHHHHHHHHHHHHHH   "
"5Z30","I","Protein#DNA","DNA BINDING PROTEIN/DNA","ATCAATATCCACCTGCAGATTCTACCAAAAGTGTATTTGGAAACTGCTCCATCAAAAGGCATGTTCAGCTGAATTCAGCTGAACATGCCTTTTGATGGAGCAGTTTCCAAATACACTTTTGGTAGAATCTGCAGGTGGATATTGAT","                                                                                                                                                  "
"5Z30","J","Protein#DNA","DNA BINDING PROTEIN/DNA","ATCAATATCCACCTGCAGATTCTACCAAAAGTGTATTTGGAAACTGCTCCATCAAAAGGCATGTTCAGCTGAATTCAGCTGAACATGCCTTTTGATGGAGCAGTTTCCAAATACACTTTTGGTAGAATCTGCAGGTGGATATTGAT","                                                                                                                                                  "
"4NFT","A","Protein","CHAPERONE","GSHMRKESYSIYVYKVLKQVHPDTGISSKAMGIMNSFVNDIFERIAGEASRLAHYNKRSTITSREIQTAVRLLLPGELAKHAVSEGTKAVTKYTSSKKAVSRSQRAGLQFPVGRIHRHLKSRTTSHGRVGATAAVYSAAILEYLTAEVLELAGNASKDLKVKRITPRHLQLAIRGDEELDSLIKATIAGGGVIPHISGSGGSGGGLVPR","         HHHHHHHHHHH TT EE HHHHHHHHHHHHHHHHHHHHHHHHHHTTSTT EE HHHHHHHHHHHS HHHHHHHHHHHHHHHHHHHT      HHHHHT SS HHHHHHHHHTTS SS EE TTHHHHHHHHHHHHHHHHHHHHHHHHHHTT SEE HHHHHHHHHTSHHHHHHHHHHH                      "
"4NFT","B","Protein","CHAPERONE","GSHMRKESYSIYVYKVLKQVHPDTGISSKAMGIMNSFVNDIFERIAGEASRLAHYNKRSTITSREIQTAVRLLLPGELAKHAVSEGTKAVTKYTSSKKAVSRSQRAGLQFPVGRIHRHLKSRTTSHGRVGATAAVYSAAILEYLTAEVLELAGNASKDLKVKRITPRHLQLAIRGDEELDSLIKATIAGGGVIPHISGSGGSGGGLVPR","         HHHHHHHHHHH TT EE HHHHHHHHHHHHHHHHHHHHHHHHHHTTSTT EE HHHHHHHHHHHS HHHHHHHHHHHHHHHHHHHT      HHHHHT SS HHHHHHHHHTTS TT EE TTHHHHHHHHHHHHHHHHHHHHHHHHHHTT SEE HHHHHHHHHTSHHHHHHHHHHH                      "
"4NFT","C","Protein","CHAPERONE","GSHMRKESYSIYVYKVLKQVHPDTGISSKAMGIMNSFVNDIFERIAGEASRLAHYNKRSTITSREIQTAVRLLLPGELAKHAVSEGTKAVTKYTSSKKAVSRSQRAGLQFPVGRIHRHLKSRTTSHGRVGATAAVYSAAILEYLTAEVLELAGNASKDLKVKRITPRHLQLAIRGDEELDSLIKATIAGGGVIPHISGSGGSGGGLVPR","         HHHHHHHHHHH TT EE HHHHHHHHHHHHHHHHHHHHHHHHHTTTSGGG B HHHHHHHHHHHS HHHHHHHHHHHHHHHHHHTT      HHHHHT SS HHHHHHHHHHHS TT  B TTHHHHHHHHHHHHHHHHHHHHHHHHHHTT SEE HHHHHHHHHT HHHHHHHHHHHH                     "
"4NFT","D","Protein","CHAPERONE","GSHMRKESYSIYVYKVLKQVHPDTGISSKAMGIMNSFVNDIFERIAGEASRLAHYNKRSTITSREIQTAVRLLLPGELAKHAVSEGTKAVTKYTSSKKAVSRSQRAGLQFPVGRIHRHLKSRTTSHGRVGATAAVYSAAILEYLTAEVLELAGNASKDLKVKRITPRHLQLAIRGDEELDSLIKATIAGGGVIPHISGSGGSGGGLVPR","         HHHHHHHHHHH TT EE HHHHHHHHHHHHHHHHHHHHHHHHHTTTSGGG B HHHHHHHHHHHS HHHHHHHHHHHHHHHHHHH       HHHHHT SS HHHHHHHHHHHS TT  B TTHHHHHHHHHHHHHHHHHHHHHHHHHHTT SEE HHHHHHHHHT HHHHHHHHHHHH                     "
"4NFT","E","Protein","CHAPERONE","GSHMEEEEEEEEEEDEDEDEDEDEAGSELGEGEEEVGLSYLMKEEIQDEEDD","                                     GGGGG          "
"4NFT","F","Protein","CHAPERONE","GSHMEEEEEEEEEEDEDEDEDEDEAGSELGEGEEEVGLSYLMKEEIQDEEDD","                                     GGGGG          "
